,DEP_ENT,MONTH,NET_SALES
0,250_155,2017-07-01,3218368.3799999994
1,210_165,2022-08-01,469766.55577395443
2,250_155,2021-07-01,6556439.0
3,220_155,2020-07-01,4559857.72
4,200_155,2017-02-01,1311588.1300000001
5,170_155,2018-12-01,2777941.52
6,200_155,2022-12-01,2913744.15
7,240_155,2020-07-01,4848840.53
8,210_155,2020-09-01,7741832.2700000005
9,250_165,2022-02-01,177.1321371879415
10,210_165,2023-02-01,206148.80014498293
11,210_155,2018-06-01,4328053.96
12,220_155,2017-12-01,-323460.13
13,200_155,2016-04-01,2163636.39
14,200_155,2020-03-01,2345754.61
16,210_155,2017-04-01,15336265.410000002
17,170_155,2022-08-01,6151421.990000001
18,200_155,2023-03-01,2325654.2399999998
19,210_155,2020-06-01,4871848.600000001
20,160_155,2023-03-01,2648784.61
21,250_165,2020-12-01,-131606.6656679906
22,220_155,2021-09-01,3221520.5600000005
23,260_155,2021-08-01,5071.150000000001
24,240_155,2019-10-01,4596602.11
25,220_155,2019-12-01,-228160.97
26,250_165,2019-02-01,110.39062908539393
27,250_310,2021-02-01,357653.7737927619
28,200_310,2019-09-01,319304.7107438017
29,220_310,2016-11-01,-9460.662834963048
30,170_155,2019-08-01,3224091.5800000005
31,220_310,2017-11-01,292983.3893010544
32,250_155,2020-11-01,9250506.15
33,220_155,2022-04-01,-156203.93
34,220_155,2021-01-01,6238039.24
35,250_165,2020-02-01,420.9480839095296
36,200_155,2019-01-01,2265201.7899999996
37,210_165,2017-12-01,-75651.39455965474
38,160_155,2019-12-01,2630136.52
39,210_310,2018-10-01,1152616.0616739008
40,250_165,2018-11-01,19609.01910497516
41,250_155,2021-01-01,8855749.989999998
42,250_155,2022-09-01,12275967.699999997
43,210_165,2023-05-01,1098155.347052289
44,220_155,2022-03-01,-170922.24999999997
45,250_155,2022-08-01,6357307.1899999995
46,170_155,2021-04-01,2800581.01
47,250_310,2022-04-01,359187.4845729136
48,220_310,2017-05-01,32400.058608058625
49,250_310,2016-04-01,460515.8997153662
50,200_155,2019-08-01,1955738.1899999997
51,200_310,2018-06-01,250181.13104948352
52,170_155,2021-06-01,4376178.739999999
53,220_155,2023-04-01,2702366.4400000004
54,250_310,2022-05-01,333334.2356977418
55,250_155,2018-09-01,9201118.089999998
56,170_155,2018-11-01,3850446.9
57,170_155,2023-08-01,2969580.57
58,210_165,2022-04-01,786379.007856571
59,220_155,2021-08-01,1280225.52
60,210_165,2023-01-01,91654.86956968223
61,200_155,2022-11-01,4112404.03
62,220_310,2023-09-01,-1938.112482447712
63,170_155,2020-07-01,2376793.6799999997
64,250_155,2016-09-01,5720205.029999999
65,220_310,2017-09-01,-99852.02472462157
66,250_155,2020-07-01,5489644.100000001
67,250_165,2022-10-01,39532.492435890905
68,200_310,2021-08-01,425862.52606255026
69,250_310,2023-04-01,218007.09583283876
70,160_155,2019-08-01,1872471.0700000005
71,160_155,2017-10-01,1152439.6800000002
72,210_165,2020-11-01,555304.8351518577
73,250_310,2020-08-01,641689.0863656721
74,220_310,2020-07-01,309092.80954821693
75,210_165,2022-10-01,484107.953474528
76,220_155,2021-11-01,-476039.93000000005
77,240_155,2019-05-01,5259724.5
78,200_155,2022-08-01,1953652.6099999996
79,160_155,2020-08-01,2394048.0899999994
80,220_310,2023-08-01,9522.372293065717
81,220_155,2020-10-01,-107382.45000000001
82,250_310,2018-10-01,1384020.1803967773
83,170_155,2017-10-01,2309005.3899999997
84,200_155,2017-04-01,1808462.3
85,220_310,2019-10-01,431122.9537903954
86,210_155,2020-07-01,7427116.88
88,210_310,2020-01-01,495382.66709813423
90,260_155,2020-09-01,4345.019999999999
91,250_165,2022-05-01,25433.041007299766
92,200_155,2020-10-01,2052590.75
93,250_310,2022-02-01,375292.9617372982
94,250_165,2023-05-01,61415.92658509503
95,200_310,2019-06-01,228102.24477700415
96,260_155,2019-04-01,4324.65
97,220_155,2018-11-01,223955.84
98,250_155,2017-06-01,3457063.38
99,210_165,2019-04-01,1764560.0943542074
100,220_155,2017-05-01,352972.55000000005
101,250_165,2020-04-01,10647.764419034775
102,220_310,2020-06-01,112018.83215919815
103,220_155,2022-02-01,747867.0499999999
104,210_310,2017-03-01,1900607.7572021284
105,200_310,2016-07-01,33025.33838657281
106,170_155,2022-01-01,4263894.45
107,250_165,2023-08-01,4212.80573382114
108,260_155,2020-12-01,15061.140000000001
109,220_310,2020-12-01,510512.3556581989
110,170_155,2019-01-01,4148781.47
111,250_155,2017-12-01,5288124.9799999995
112,240_155,2017-05-01,6356822.97
113,220_155,2019-10-01,8006403.01
115,210_155,2019-06-01,4810160.589999999
116,200_155,2017-06-01,2115785.29
117,200_310,2020-06-01,439612.4046771732
118,260_155,2023-09-01,24282.61
119,250_155,2020-06-01,9156027.100000001
120,160_155,2020-02-01,1253972.1500000001
121,240_155,2019-01-01,4866214.609999999
122,160_155,2022-10-01,2745284.1799999997
123,210_165,2018-07-01,459029.3540609723
124,210_165,2016-06-01,545822.9499502177
125,250_155,2023-01-01,2447080.58
126,200_310,2020-01-01,254506.5293937539
127,220_310,2022-03-01,68433.2939787485
128,210_155,2018-08-01,3147656.1500000004
129,170_155,2023-04-01,3475834.79
130,220_155,2022-06-01,-54804.380000000005
131,210_310,2016-05-01,1930329.219461404
132,220_310,2016-08-01,1008089.7451642611
133,240_155,2020-06-01,3685804.69
134,240_155,2020-05-01,2103817.6399999997
135,250_165,2022-12-01,64822.65195670235
136,210_165,2022-11-01,774791.1341352531
137,220_310,2020-10-01,431195.4284006871
138,240_155,2021-07-01,6427354.34
139,200_310,2017-06-01,56748.83340763858
140,210_310,2020-11-01,1998459.2399541936
141,210_165,2023-04-01,570261.6989378147
142,220_310,2020-09-01,-2156.990150416126
143,250_165,2021-08-01,58626.08360614466
144,210_165,2019-11-01,864926.9308355022
145,250_310,2016-12-01,364885.00482057635
146,210_310,2019-09-01,102418.49889105848
147,210_165,2021-08-01,740919.3084865286
148,250_155,2017-09-01,8429271.590000002
149,220_310,2017-03-01,-36074.95447647953
150,200_155,2022-05-01,2275736.5600000005
151,220_155,2021-12-01,330030.32000000007
152,200_155,2021-08-01,2982415.15
153,170_155,2021-11-01,5165607.75
154,200_155,2016-03-01,2894584.98
155,200_155,2023-01-01,1622113.5799999998
156,240_155,2023-02-01,5235253.75
157,250_165,2019-06-01,9254.460935458625
158,220_310,2021-07-01,-16350.254011773242
159,250_155,2020-05-01,9391505.339999998
160,250_310,2021-11-01,743611.6223120871
161,210_310,2018-11-01,3050413.203125524
162,250_155,2018-11-01,8357980.130000001
164,260_155,2021-03-01,6314.17
166,200_310,2016-03-01,36359.25980754998
167,200_310,2017-08-01,48363.955920205895
168,170_155,2017-05-01,3318853.07
169,160_155,2019-03-01,378435.4
170,200_310,2022-11-01,442799.6323529412
171,220_310,2022-12-01,190574.4881425837
172,250_310,2020-10-01,1712637.018260245
173,210_165,2023-07-01,343494.106207403
174,240_155,2018-09-01,3920250.3
175,250_155,2019-04-01,4664345.78
176,220_155,2016-05-01,324417.1
177,250_165,2021-05-01,25018.843313373047
178,210_165,2021-06-01,112851.60236121707
179,210_165,2021-11-01,401277.2830372339
180,210_310,2018-04-01,1787268.2706679115
181,210_165,2019-07-01,168884.07281356415
182,210_155,2020-01-01,3340242.7800000003
183,250_310,2023-03-01,168508.59034033061
184,210_155,2021-04-01,13399609.699999996
185,250_155,2016-08-01,6838040.7
186,220_310,2021-08-01,380260.2165196472
187,250_165,2023-09-01,-104044.24139167948
188,200_155,2017-07-01,2169368.17
189,250_155,2017-08-01,7275830.84
190,210_310,2019-11-01,1963447.2122734883
191,210_310,2017-08-01,1871283.5852002907
192,200_155,2020-08-01,3073121.31
193,200_155,2016-12-01,5408161.609999999
194,200_310,2016-01-01,39129.60294011675
195,160_155,2018-05-01,3665062.7899999996
196,250_155,2021-03-01,7649544.54
197,250_155,2022-11-01,13245284.920000002
198,220_155,2021-04-01,-156298.08000000002
199,210_155,2018-07-01,3681932.2699999996
200,250_155,2019-06-01,7361816.289999999
201,210_165,2016-04-01,1003713.6793008939
202,220_155,2022-08-01,-131668.79
203,210_165,2022-01-01,181286.7444497657
204,200_310,2023-03-01,226862.76979742167
205,260_155,2023-01-01,2914.999999999999
206,170_155,2016-12-01,2926362.79
207,250_155,2019-02-01,3969440.2399999998
208,240_155,2022-05-01,6525597.19
209,210_310,2021-08-01,126189.68445068033
210,220_155,2020-03-01,4336910.399999999
211,210_310,2020-12-01,444302.8260831406
212,210_155,2016-06-01,4313279.18
213,240_155,2021-03-01,5677764.13
214,210_310,2020-09-01,744977.7633900912
215,200_155,2018-03-01,1968200.18
216,160_155,2017-08-01,6268703.35
217,220_155,2017-02-01,711463.5099999999
218,210_165,2021-03-01,430807.80602455937
219,210_155,2018-01-01,1686205.64
220,240_155,2019-06-01,4696967.920000001
221,220_155,2017-04-01,746586.02
222,250_165,2019-01-01,10917.917663223161
223,220_310,2018-09-01,557366.9080822866
225,220_310,2020-05-01,-496.6563378251785
226,200_310,2018-07-01,250379.3526275706
227,200_310,2018-08-01,264824.2614900638
228,250_310,2017-03-01,189010.49160470147
229,250_310,2018-12-01,308692.4836269831
230,210_165,2016-09-01,-11353.067400037251
231,200_310,2021-12-01,571900.7222483905
232,250_310,2022-11-01,658874.1129389685
233,220_155,2017-11-01,1772544.85
234,210_155,2017-07-01,3689524.3200000003
235,240_155,2019-04-01,6332781.76
236,200_155,2018-08-01,1430529.31
237,170_155,2019-10-01,4154501.8299999996
238,200_310,2016-06-01,51933.39465011118
239,260_155,2022-11-01,2998.439999999999
240,250_155,2023-05-01,5102570.96
241,200_310,2020-11-01,415857.85086731234
242,210_155,2021-09-01,8128995.07
243,170_155,2023-05-01,4453374.390000001
244,250_165,2022-03-01,4753.975411851484
245,240_155,2016-09-01,4200946.09
246,210_155,2022-01-01,6712500.6499999985
247,250_310,2019-06-01,569867.7415446781
248,220_155,2016-03-01,-798354.81
249,250_155,2022-02-01,5428107.02
250,250_165,2020-05-01,30145.12469458286
251,260_155,2023-06-01,2607.61
252,160_155,2016-05-01,3399714.4999999995
253,250_165,2022-01-01,-9139.935283939218
254,170_155,2021-01-01,3062804.34
255,240_155,2016-12-01,4036868.32
256,210_155,2017-10-01,2014029.9099999997
257,200_155,2016-11-01,2138401.9000000004
258,240_155,2023-06-01,15166230.920000002
259,200_310,2020-07-01,388875.814600571
260,240_155,2018-01-01,5275954.47
261,200_310,2016-08-01,49900.44519496466
262,200_310,2021-07-01,269819.9500040319
263,170_155,2023-03-01,4931564.409999999
264,250_165,2022-08-01,-947.6727272727239
265,240_155,2021-05-01,5873667.240000001
266,210_155,2021-06-01,8401741.719999999
267,200_155,2020-06-01,4077669.79
268,250_310,2021-10-01,1343923.1378688964
269,220_310,2023-03-01,-14360.6408839779
270,210_155,2018-12-01,3357898.4499999993
271,250_310,2019-03-01,290965.13239395386
272,170_155,2019-07-01,4526267.0
273,200_310,2021-10-01,265349.78830170917
274,260_155,2020-07-01,3613.439999999999
275,260_155,2020-06-01,2053.1699999999996
276,260_155,2022-02-01,1970.8800000000008
277,240_155,2019-03-01,4696057.0
278,260_155,2019-12-01,3658.12
279,170_155,2016-07-01,3546292.8699999996
280,200_155,2021-04-01,3640408.139999999
281,210_155,2020-05-01,4323093.23
282,200_155,2023-06-01,1748262.2999999998
283,160_155,2016-11-01,3749318.4899999998
284,160_155,2023-01-01,348377.71
285,210_165,2022-03-01,157779.34939758974
286,250_310,2017-08-01,148877.89814269677
287,160_155,2016-02-01,1305615.57
288,250_310,2019-01-01,85322.2953992861
289,260_155,2023-02-01,3338.99
290,220_310,2022-08-01,92211.59227702652
291,220_310,2019-03-01,252235.59373574582
292,200_155,2023-09-01,3834544.9100000006
293,200_155,2018-11-01,2227767.5900000003
294,210_155,2017-01-01,1694443.8000000003
295,210_310,2019-03-01,924964.0101984208
296,250_310,2018-09-01,244886.39751906632
297,170_155,2021-12-01,2887961.27
298,210_310,2017-04-01,2447646.326341356
299,220_155,2017-10-01,6626636.819999999
300,220_155,2017-08-01,66657.93000000001
301,210_155,2023-09-01,2225876.96
302,170_155,2020-09-01,2632877.61
303,210_310,2018-06-01,4811058.84167405
304,200_310,2021-11-01,417237.80576410744
305,210_155,2021-08-01,3571455.8699999996
306,250_155,2020-01-01,3083167.25
307,200_310,2020-02-01,168753.48273773465
308,160_155,2020-06-01,2433237.66
309,250_165,2021-02-01,2069.7301498627544
310,250_155,2016-11-01,7841547.94
311,250_155,2017-04-01,5461855.050000002
312,160_155,2016-04-01,852505.23
313,210_310,2017-02-01,1636623.2461436428
314,200_155,2023-05-01,2443940.14
315,220_155,2016-12-01,2210876.8899999997
316,220_155,2018-12-01,1387318.3999999997
317,250_155,2018-02-01,3703937.7899999996
318,200_310,2019-03-01,272135.6393492474
319,220_310,2018-03-01,413130.18631595455
320,200_155,2020-11-01,3727026.74
321,250_155,2020-04-01,3072612.540000001
322,220_155,2022-07-01,-261499.55000000002
323,260_155,2023-03-01,6141.579999999997
324,220_310,2021-11-01,-47426.390570759664
325,170_155,2019-03-01,4272339.43
326,170_155,2020-12-01,3283748.0099999993
327,160_155,2023-06-01,4064730.7600000007
328,250_155,2022-05-01,9282788.740000002
329,250_310,2017-05-01,196530.7062483529
330,170_155,2022-04-01,3558280.8100000005
331,250_310,2019-02-01,48641.78480489588
332,160_155,2018-08-01,2903536.98
333,200_310,2017-09-01,57433.394088279565
334,240_155,2020-01-01,4825513.53
335,260_155,2020-10-01,11640.580000000002
336,240_155,2019-02-01,4154421.670000001
337,210_165,2019-08-01,919804.6760740646
338,160_155,2021-08-01,2568260.2600000002
339,210_165,2022-12-01,495830.8399250596
340,220_310,2023-04-01,-965.6730769230767
341,250_165,2021-03-01,66151.19819646978
342,210_155,2018-02-01,4852140.47
343,220_155,2016-07-01,1666338.7499999998
344,220_155,2018-06-01,-73711.36000000002
345,240_155,2022-10-01,3784391.0200000005
346,210_310,2023-02-01,487324.49340107536
347,240_155,2017-12-01,4494981.259999999
348,170_155,2016-01-01,2963987.5399999996
349,220_310,2018-01-01,26398.974318199897
350,220_310,2020-01-01,73588.12767911822
351,210_310,2019-12-01,934804.0480210936
352,170_155,2022-03-01,5970346.059999999
353,160_155,2021-02-01,1130944.2899999998
354,260_155,2020-02-01,2131.25
355,250_165,2022-06-01,63138.430800715825
356,210_155,2022-05-01,1288321.1900000002
357,220_310,2020-03-01,126007.44998507018
358,210_165,2021-07-01,121277.28323991383
359,250_310,2020-12-01,207955.19763740574
360,210_155,2016-02-01,7205068.12
361,250_165,2019-08-01,20763.416041546327
362,220_155,2019-03-01,1049008.68
363,250_155,2018-03-01,3730400.2700000005
364,210_310,2021-11-01,2044618.2205239367
365,250_310,2023-02-01,210454.73319187443
366,200_310,2018-11-01,205072.0030522702
367,250_155,2018-05-01,5200954.29
368,210_155,2019-02-01,3520819.13
369,220_310,2018-11-01,688127.6840900423
370,210_155,2022-08-01,3935815.56
371,210_155,2023-08-01,3083599.6499999994
372,250_310,2021-05-01,425150.3464475976
373,210_165,2020-12-01,301960.87184480665
374,200_310,2019-01-01,316270.85136026994
375,220_155,2019-01-01,5835780.560000001
377,200_310,2022-09-01,362698.99175068724
378,200_155,2023-02-01,1728206.0199999998
380,250_155,2019-07-01,5256380.5200000005
381,170_155,2018-02-01,2804014.46
382,250_310,2017-11-01,491198.8717602636
384,210_155,2018-10-01,6790106.709999999
385,200_155,2022-02-01,2328955.97
386,220_310,2020-11-01,44956.86716227378
387,160_155,2023-07-01,1216845.0700000003
388,210_310,2018-08-01,-27561.750866266342
389,200_310,2020-12-01,924583.3333333338
390,210_310,2022-10-01,2493892.8719785027
391,160_155,2020-04-01,3240286.8200000003
392,170_155,2021-07-01,3419050.42
393,170_155,2018-03-01,3814881.7599999993
394,170_155,2018-05-01,5056420.35
395,160_155,2017-12-01,2844600.43
396,240_155,2016-06-01,4737963.889999999
397,200_310,2017-01-01,43145.6366344006
398,210_310,2021-10-01,425827.34786106326
399,170_155,2016-03-01,3052080.83
400,220_310,2018-08-01,-2182.582674748716
401,220_310,2018-12-01,-9826.067314208269
402,200_310,2017-07-01,53101.67653618398
403,240_155,2023-07-01,7945616.33
404,200_310,2019-10-01,232758.6907278767
405,220_310,2019-02-01,42169.14124895415
406,220_310,2017-12-01,627064.9848402396
407,240_155,2022-02-01,5226840.890000001
408,210_310,2023-01-01,-174973.31892833326
409,210_165,2020-08-01,663599.0865297221
410,220_310,2022-06-01,-20047.506914263147
411,250_310,2020-06-01,414916.60624083044
412,200_310,2018-05-01,411387.2446592858
413,160_155,2017-11-01,2104794.39
414,210_155,2019-03-01,5685451.569999998
415,220_155,2016-11-01,430542.4599999999
416,200_155,2020-09-01,4930647.749999999
417,200_155,2021-01-01,2936947.1100000003
418,250_155,2022-03-01,5226201.459999999
419,220_155,2023-03-01,399579.35000000003
420,170_155,2021-03-01,2885204.2699999996
421,160_155,2020-01-01,1851173.7899999998
422,160_155,2017-06-01,3508167.900000001
423,210_165,2017-03-01,1233035.28170076
424,250_155,2021-02-01,7448546.530000001
425,210_155,2023-04-01,5560797.289999999
426,260_155,2022-04-01,3220.41
427,200_155,2019-05-01,2333062.18
428,160_155,2018-11-01,2259003.02
429,250_310,2019-07-01,215301.62825822152
430,210_165,2017-09-01,618111.2337662316
431,240_155,2016-05-01,5687682.4799999995
432,250_310,2017-02-01,518245.0966567505
433,240_155,2021-04-01,6590332.2700000005
434,160_155,2022-11-01,2967981.28
435,210_155,2016-10-01,6239512.66
436,210_165,2021-05-01,396379.3168662642
437,210_165,2023-06-01,233968.02867992857
438,210_155,2021-03-01,6578016.65
439,250_155,2019-09-01,6633068.480000001
440,220_155,2019-05-01,17865.18000000002
441,250_155,2016-12-01,6283787.13
442,220_310,2018-10-01,11286.616553006825
443,240_155,2022-11-01,3514097.3700000006
444,250_155,2019-05-01,3570949.2399999998
445,210_310,2019-01-01,595224.1086015999
446,260_155,2022-12-01,10435.320000000002
447,220_155,2016-01-01,1514081.0899999999
448,160_155,2019-02-01,286782.77
449,160_155,2016-07-01,2031853.38
450,170_155,2023-06-01,3509837.49
451,250_155,2021-09-01,8400478.020000001
452,170_155,2022-10-01,3721864.7600000002
453,170_155,2019-04-01,4253481.26
454,200_155,2023-08-01,1795355.92
455,250_310,2021-08-01,138693.0792670484
456,250_165,2023-07-01,71346.73336019742
457,200_155,2019-11-01,2681924.3200000003
458,210_310,2016-06-01,1430004.1824289127
459,160_155,2021-03-01,5035752.4399999995
460,220_155,2021-03-01,1474221.04
461,250_155,2018-01-01,4254794.16
462,240_155,2022-06-01,7404317.760000001
463,250_155,2021-08-01,8271606.160000002
464,240_155,2020-12-01,3659786.3899999997
465,220_155,2020-02-01,1116704.51
466,250_155,2019-11-01,9443771.260000002
467,250_310,2016-03-01,322884.0716099165
468,250_310,2016-08-01,739624.2696845215
469,200_310,2018-04-01,378123.372895819
470,210_165,2017-07-01,212235.86474501016
471,170_155,2022-11-01,3725361.9699999997
472,250_310,2023-05-01,229656.41761772186
473,240_155,2023-03-01,5939778.53
474,220_155,2020-08-01,-87191.56000000003
475,160_155,2019-05-01,1859274.1399999997
476,170_155,2017-04-01,4683576.549999999
477,210_155,2017-08-01,4857901.0200000005
478,200_310,2021-03-01,533340.2464871653
479,220_155,2020-05-01,-115238.43999999997
480,220_310,2017-04-01,441285.1660295331
481,200_310,2022-06-01,201265.16001580414
482,160_155,2017-01-01,2629869.0
483,210_165,2019-10-01,603506.8684695731
484,210_165,2018-04-01,1717235.4980716142
485,200_155,2018-09-01,1438770.41
486,260_155,2021-09-01,5790.540000000001
487,250_165,2021-12-01,90571.42639579847
488,240_155,2016-11-01,3448531.2200000007
489,210_310,2017-10-01,1530770.2590871905
490,200_155,2017-09-01,1689228.75
491,220_155,2018-10-01,579825.06
492,250_155,2023-06-01,7775198.3900000015
493,250_310,2020-02-01,150738.57345927574
494,160_155,2017-03-01,2193553.4400000004
495,160_155,2016-10-01,1765562.42
496,210_155,2021-02-01,9261129.49
497,250_310,2020-04-01,334022.395891027
498,260_155,2023-05-01,4063.0999999999995
499,170_155,2019-06-01,3890287.8100000015
500,200_310,2018-03-01,179491.75669328333
501,260_155,2019-09-01,2823.6099999999997
502,220_155,2016-08-01,3732773.3899999997
503,210_155,2023-03-01,5973971.860000001
504,220_155,2023-01-01,383548.08
505,250_165,2020-09-01,51940.49181006181
506,220_155,2020-09-01,388461.94
507,200_310,2018-09-01,232537.40657985973
508,200_310,2018-10-01,211502.7200867949
509,250_155,2016-03-01,4657544.66
510,210_310,2019-05-01,1114139.4474851356
511,250_310,2019-05-01,188014.42322087428
512,250_155,2018-12-01,523319.1699999997
513,210_155,2022-11-01,11012638.070000002
514,220_310,2016-10-01,1149162.59036603
515,220_310,2017-01-01,-434901.88384214457
516,250_155,2020-10-01,12711989.36
517,210_310,2016-10-01,2050116.2057940827
518,200_155,2021-12-01,4101338.13
519,210_155,2021-11-01,8690709.709999999
520,200_155,2017-10-01,1856472.6600000001
521,210_310,2018-03-01,1594891.0820690477
522,240_155,2018-10-01,4154365.579999999
523,210_165,2020-02-01,626632.1077261574
524,210_165,2022-07-01,53509.76381084961
525,250_165,2020-06-01,1374.3462275854401
526,210_310,2018-12-01,781967.3574572697
527,250_155,2023-09-01,6406521.630000001
529,210_165,2017-05-01,363593.7267410959
530,170_155,2018-08-01,4319522.74
531,160_155,2018-10-01,2613242.41
532,210_155,2020-02-01,3780604.6400000006
533,200_155,2020-04-01,4574204.209999999
534,170_155,2020-06-01,2089747.42
535,220_310,2021-01-01,-12425.779902806085
536,250_155,2016-07-01,5282476.850000001
537,160_155,2023-04-01,1516571.0699999998
538,250_310,2021-12-01,444982.0902606364
539,210_155,2019-10-01,3572095.9
540,250_310,2021-03-01,742523.6508611391
541,160_155,2021-11-01,2048084.4300000002
542,240_155,2016-02-01,4727951.25
543,210_310,2018-07-01,724983.0937555241
544,220_155,2019-07-01,6483317.55
545,260_155,2021-02-01,2689.4399999999996
546,170_155,2020-03-01,2999681.66
547,220_310,2020-08-01,384142.86246461025
548,220_310,2022-07-01,-100327.18175471264
549,210_155,2017-03-01,3585583.4099999997
550,160_155,2018-07-01,3112857.06
551,220_155,2019-11-01,54826.169999999984
552,200_310,2023-04-01,222637.23372781058
553,160_155,2020-11-01,3459080.17
554,200_155,2022-01-01,1985988.9200000002
555,250_155,2022-07-01,5023800.99
556,240_155,2018-04-01,7349842.380000001
557,170_155,2017-11-01,3601390.15
558,220_310,2018-06-01,-12547.751106968077
559,200_310,2020-04-01,575809.6760533565
560,200_155,2020-12-01,6080434.14
561,200_310,2022-07-01,245233.86083313954
562,200_155,2019-07-01,1895360.3300000003
563,250_310,2018-02-01,187199.48246351277
564,240_155,2023-04-01,5453369.359999999
565,250_310,2020-03-01,111182.76182143833
566,240_155,2018-03-01,6243249.949999999
567,200_155,2016-07-01,1820221.0699999998
568,160_155,2019-07-01,2978090.35
569,160_155,2019-01-01,1382350.4900000002
570,250_155,2017-01-01,3182033.9099999997
571,240_155,2018-06-01,4663479.41
572,220_155,2016-09-01,166350.66999999995
573,170_155,2017-03-01,3248775.11
574,220_310,2017-10-01,363807.25916419335
575,240_155,2022-07-01,5090400.67
576,220_155,2022-12-01,-141786.75000000003
577,160_155,2022-12-01,3144129.1700000004
578,220_155,2022-05-01,4875638.930000002
579,220_310,2019-01-01,455477.94236269
580,210_165,2019-12-01,562365.7817196558
581,220_310,2017-07-01,-43204.0913635315
582,220_310,2019-07-01,286746.1879297175
583,250_165,2019-10-01,28445.434735125593
584,160_155,2021-07-01,4189142.04
585,170_155,2018-10-01,4783577.4
586,170_155,2019-12-01,3977904.07
587,200_310,2016-09-01,51427.61701152938
588,240_155,2020-09-01,3550238.56
589,210_155,2023-05-01,4008775.4299999997
590,210_165,2018-05-01,506761.5299459902
591,220_310,2019-04-01,14467.738309352519
592,240_155,2022-03-01,6394999.15
593,200_310,2023-06-01,175656.00500110319
594,220_155,2020-11-01,227388.99000000002
595,250_310,2020-07-01,432226.0280954735
596,250_310,2023-07-01,201632.07090723148
597,220_155,2021-10-01,2266715.4
598,200_155,2017-01-01,2221206.2100000004
599,210_155,2023-02-01,6204353.87
600,170_155,2020-05-01,1359308.41
601,210_155,2016-01-01,617850.2400000002
602,250_310,2018-03-01,317363.4544011206
603,220_155,2016-02-01,2648281.1400000006
604,210_165,2020-07-01,-345643.44630196015
605,170_155,2022-12-01,2784634.7600000002
606,170_155,2018-04-01,4975129.81
607,220_310,2017-02-01,-31013.433973772502
608,210_155,2022-10-01,4095727.7
609,210_155,2020-08-01,5110918.97
610,210_165,2020-10-01,494815.9437321992
611,250_165,2020-01-01,6935.081118215906
612,210_165,2017-11-01,1997976.0109775153
613,170_155,2018-06-01,4719631.489999999
614,210_310,2022-08-01,-301966.95849292586
615,250_165,2023-01-01,-2676.4388415322846
616,250_155,2021-10-01,12729215.56
617,220_155,2023-08-01,249502.95
618,210_155,2016-12-01,6719381.109999999
619,250_155,2017-03-01,6171329.0600000005
620,210_165,2018-02-01,442284.9946712102
621,250_165,2019-11-01,27473.087324297776
622,250_310,2023-06-01,1108604.9006633763
623,220_155,2023-07-01,1561945.4100000001
624,220_155,2021-06-01,-35753.82999999999
625,210_310,2021-01-01,330947.5646833366
626,210_155,2018-05-01,1464360.32
627,170_155,2017-07-01,3501548.3000000003
628,210_310,2019-07-01,-620481.6322406412
629,210_310,2017-05-01,2178437.01412967
630,260_155,2022-09-01,5377.52
631,200_155,2018-05-01,2115120.67
632,260_155,2019-03-01,4864.58
633,250_155,2023-04-01,3402514.8000000007
634,210_155,2020-04-01,2730543.78
635,210_310,2023-03-01,-2518.85647366524
636,210_310,2021-03-01,986932.5158701629
637,200_155,2019-03-01,1830020.6099999999
638,210_155,2018-03-01,9678992.959999997
639,220_155,2018-09-01,42595.86
640,210_165,2018-01-01,480187.9768933253
641,200_155,2020-07-01,3357018.87
642,200_155,2022-03-01,2240477.5100000002
643,250_155,2023-08-01,3447515.380000001
644,170_155,2016-08-01,3006098.02
645,210_155,2019-12-01,10365658.39
646,210_165,2017-04-01,725281.1882246039
647,250_165,2018-12-01,21662.432031636326
648,250_165,2019-07-01,1189.798711503839
649,240_155,2017-11-01,3383185.18
650,210_155,2020-12-01,6689672.909999998
651,160_155,2022-03-01,4701960.420000001
653,200_310,2020-09-01,295909.46018172114
654,170_155,2018-07-01,4142844.3499999996
655,240_155,2018-11-01,3541917.4300000006
656,210_165,2016-03-01,366298.481228096
657,200_155,2021-03-01,3845263.6800000006
658,160_155,2018-02-01,1530956.05
659,200_155,2019-09-01,1749430.5999999996
660,250_310,2018-11-01,897884.5532949263
661,210_310,2023-09-01,1165552.930308181
662,210_310,2021-05-01,769445.5644482458
663,220_155,2020-12-01,78751.62000000001
664,200_310,2022-04-01,369670.46474358963
665,170_155,2023-07-01,3788105.66
666,240_155,2019-12-01,3778045.77
667,250_155,2016-10-01,8337051.26
668,250_155,2023-03-01,3940945.16
669,160_155,2020-05-01,2024522.6
670,240_155,2016-04-01,5503850.3
671,210_165,2018-06-01,141816.48767873348
672,200_310,2017-04-01,38958.833670639375
673,160_155,2020-12-01,1996903.1499999997
674,250_310,2020-05-01,344061.66058297775
675,210_155,2018-09-01,3711753.5100000002
676,240_155,2017-07-01,4351244.279999999
677,250_310,2016-09-01,505605.17086126655
678,260_155,2021-07-01,3349.81
679,220_310,2023-07-01,134507.95531738253
680,250_165,2021-07-01,3817.9477856890535
681,200_155,2016-08-01,3256621.67
682,250_155,2019-12-01,4757669.630000001
683,160_155,2019-04-01,777248.4299999999
684,200_310,2020-03-01,295055.35234398325
685,250_310,2022-08-01,496460.9238880625
686,210_165,2021-09-01,330331.7206571283
687,210_165,2020-04-01,385796.2512611386
688,220_310,2021-06-01,378013.49022207496
689,210_155,2017-11-01,11737527.920000002
690,220_310,2019-09-01,33612.689706987236
691,210_310,2016-02-01,1402452.8871848835
692,210_165,2017-01-01,642657.2243829184
693,240_155,2021-08-01,6287198.050000001
694,200_310,2022-05-01,218998.5687616678
695,210_165,2021-04-01,852722.0106951887
696,210_310,2016-07-01,1272045.4277809574
697,210_310,2017-11-01,1499710.8241960183
698,250_310,2017-01-01,349233.6685591916
699,220_310,2016-12-01,889927.7843954737
700,250_310,2023-09-01,504010.703947232
701,250_165,2022-04-01,737.8646253021791
702,160_155,2021-01-01,5327598.81
703,200_310,2019-11-01,262485.7783520829
704,220_155,2019-09-01,-1337830.2600000005
705,220_155,2018-05-01,510719.32
706,210_155,2019-11-01,10165487.37
707,260_155,2021-11-01,4350.180000000001
708,220_155,2023-02-01,-152305.69
709,250_310,2016-11-01,710349.1542845352
710,210_165,2016-02-01,-7121.489451039996
711,250_155,2023-07-01,7465892.71
712,260_155,2022-05-01,3447.5499999999993
713,250_155,2019-08-01,4746102.069999999
714,160_155,2016-08-01,2814765.67
715,170_155,2016-09-01,2214960.12
716,250_155,2022-04-01,5017651.62
717,200_310,2022-03-01,244767.28846910657
718,210_155,2017-05-01,6788842.970000001
719,210_310,2021-09-01,335240.0970557892
720,210_310,2021-02-01,646168.012970182
721,160_155,2022-01-01,1879024.0500000005
722,210_165,2022-06-01,400290.889613709
723,250_165,2021-04-01,49516.82450170161
724,200_155,2018-12-01,4551426.680000001
725,210_310,2017-01-01,1891726.8909731973
726,170_155,2017-01-01,2942862.4499999997
727,200_155,2023-04-01,1918474.9799999997
728,260_155,2023-07-01,2526.11
729,250_155,2018-07-01,4870705.49
730,210_155,2019-07-01,1868190.2400000002
731,240_155,2022-04-01,6291843.850000001
732,210_310,2020-03-01,458594.91832860507
733,170_155,2020-01-01,3686947.6399999997
734,260_155,2021-01-01,4058.1499999999996
735,210_310,2020-05-01,957920.2238365654
736,240_155,2019-08-01,4808939.419999999
737,210_310,2018-05-01,2039652.2840838903
738,210_165,2019-03-01,473019.7808445824
739,250_310,2019-09-01,185965.7342817498
740,220_155,2016-04-01,843519.53
741,220_310,2023-01-01,34080.109233153744
742,200_310,2016-10-01,44447.02838444563
743,250_310,2017-12-01,340478.6935116284
744,200_310,2017-10-01,38372.4231972407
745,210_310,2020-08-01,1271050.2613537465
746,160_155,2022-09-01,2672275.26
747,210_165,2020-01-01,221039.07810600734
748,260_155,2019-02-01,2326.2599999999998
749,250_155,2020-09-01,10005964.559999999
750,210_310,2017-07-01,1296662.131385067
751,200_155,2022-06-01,1713451.8399999996
752,240_155,2020-04-01,2332522.0700000003
753,170_155,2021-02-01,3846285.04
754,200_310,2022-08-01,219711.28742280943
755,250_165,2019-05-01,339.44302732269483
756,200_310,2016-05-01,36951.860409529145
757,220_155,2017-09-01,-301475.23
758,260_155,2020-01-01,2678.96
759,220_155,2018-02-01,3130043.64
760,250_165,2021-10-01,29762.541859897734
761,210_155,2016-11-01,16467966.490000004
762,160_155,2018-04-01,2626379.28
763,250_155,2017-11-01,8679321.44
764,200_310,2021-06-01,226458.95757374883
765,210_165,2020-06-01,529740.7713995759
766,260_155,2021-04-01,6054.799999999999
767,160_155,2022-07-01,3528076.6699999995
768,250_310,2018-06-01,316912.5007480748
769,200_310,2021-01-01,413746.1122432984
770,160_155,2022-06-01,2327011.2399999998
771,210_310,2022-07-01,-22968.502236443626
774,160_155,2023-08-01,3628683.11
775,260_155,2021-05-01,5819.030000000001
776,220_310,2022-05-01,63743.97946484133
777,200_310,2022-02-01,304473.3406472849
778,210_310,2016-09-01,1970740.3018500458
779,250_155,2016-04-01,5171260.620000001
780,170_155,2020-02-01,2414781.11
781,240_155,2017-03-01,5940741.709999999
782,250_165,2019-09-01,9908.782749594986
783,210_155,2017-09-01,10655739.01
784,220_310,2022-10-01,57514.93017474591
785,210_165,2020-05-01,286972.49978937046
786,200_155,2016-06-01,2534780.022441941
787,210_165,2016-10-01,1348092.3668032705
788,260_155,2023-08-01,18100.430000000004
789,220_155,2020-06-01,152169.65
790,210_310,2020-10-01,525745.3823821624
791,210_155,2019-09-01,4619829.2
792,210_165,2019-02-01,538153.58756471
793,200_155,2016-01-01,2592017.04
794,160_155,2016-03-01,1774890.87
795,250_310,2019-11-01,627376.305146701
796,260_155,2019-10-01,4444.68
797,210_310,2016-04-01,2400803.1991391545
798,210_310,2016-03-01,1478748.3752938565
799,210_310,2023-08-01,-134780.69116426408
800,220_310,2022-09-01,20591.788878704545
801,210_155,2019-01-01,2064315.1199999994
802,250_155,2016-02-01,4384746.21
803,250_165,2019-12-01,4919.903384112011
804,250_155,2020-08-01,8551918.85
805,250_155,2022-10-01,12020860.95
806,220_310,2016-09-01,70052.27914789651
807,200_310,2017-02-01,27453.24031716988
808,200_155,2020-05-01,5970634.909999999
809,210_155,2023-07-01,3197587.3900000006
810,200_310,2020-10-01,362919.60857548355
811,210_310,2021-12-01,718660.6491387972
812,220_155,2022-09-01,-141299.72
813,220_310,2020-04-01,-15456.136636318735
814,210_165,2018-09-01,748955.5488395245
815,170_155,2022-06-01,4599633.340000001
816,240_155,2021-10-01,6582708.090000001
817,160_155,2018-01-01,1931032.72
818,250_165,2018-10-01,103228.19114817184
819,220_155,2018-07-01,-194649.60999999996
820,200_155,2018-06-01,1657630.85
821,200_155,2016-02-01,2348092.91
822,240_155,2018-12-01,2878010.34
823,210_165,2019-09-01,1168598.211591682
824,210_310,2020-04-01,45165.105459101695
825,250_310,2021-09-01,451415.7312816328
826,210_310,2020-07-01,2650889.79934246
827,240_155,2017-04-01,4789757.73
828,210_155,2017-06-01,2205625.11
829,210_155,2016-05-01,5353261.8
830,210_165,2019-05-01,1053060.932363856
831,210_155,2022-04-01,11843504.520000001
832,240_155,2021-06-01,5955513.410000001
833,160_155,2021-10-01,4448633.850000001
834,250_165,2021-06-01,17602.007033408867
835,250_310,2017-07-01,276221.67228716187
836,250_310,2016-02-01,344959.1029274923
837,250_310,2018-08-01,433758.9629862528
838,220_155,2017-01-01,155921.78
839,210_165,2018-10-01,423008.24000427645
840,220_155,2020-04-01,441398.20999999996
841,200_310,2018-01-01,45363.04365110918
842,210_165,2016-11-01,672112.8224062497
843,170_155,2021-09-01,4252322.53
844,250_165,2020-03-01,3531.8306052725375
845,170_155,2019-11-01,3429007.880000001
846,220_155,2019-08-01,-86617.91000000002
847,210_310,2021-04-01,916291.2403545978
848,160_155,2021-04-01,1776966.5
849,170_155,2018-09-01,4005606.01
850,250_165,2021-09-01,68719.91793384096
851,220_310,2020-02-01,279044.73046638386
852,220_310,2016-06-01,-29036.09258833451
853,200_310,2023-02-01,178552.07710699335
854,250_155,2020-12-01,4057064.9800000004
855,170_155,2022-05-01,4948782.79
856,250_310,2022-01-01,564825.2556781698
857,210_310,2016-11-01,2462928.7057714392
858,260_155,2019-07-01,2587.0399999999995
859,200_310,2017-05-01,64377.78021978027
860,250_155,2022-01-01,5831587.1899999995
861,170_155,2021-05-01,3267598.17
862,250_310,2020-09-01,772663.3496327451
863,160_155,2022-08-01,1966859.1800000002
864,240_155,2017-09-01,3529201.27
865,210_310,2018-02-01,1162992.797568116
866,220_310,2019-12-01,458757.06214689283
867,250_310,2017-06-01,701333.6264779367
868,200_310,2021-05-01,677179.2246925648
869,200_310,2020-05-01,980578.6625351305
870,240_155,2022-01-01,5012922.13
871,160_155,2023-09-01,2421393.2699999996
872,260_155,2019-08-01,4215.639999999999
873,220_310,2021-02-01,926794.9831728891
874,250_155,2021-11-01,13526148.43
875,170_155,2021-10-01,2761222.58
876,240_155,2022-12-01,3457463.48
877,220_310,2021-12-01,-6943.596862929812
878,250_155,2019-01-01,1777664.1899999995
879,210_310,2017-06-01,2622122.2494999263
880,210_165,2017-08-01,861567.4562538636
881,260_155,2020-04-01,4010.85
882,210_310,2022-03-01,225577.4432648558
883,200_155,2019-04-01,1740166.3099999998
884,210_165,2016-12-01,833116.1819682447
885,160_155,2016-06-01,1790391.7
886,220_155,2021-07-01,4075063.680000001
887,160_155,2022-05-01,3033480.7499999995
888,200_155,2019-10-01,1522283.25
889,250_310,2019-08-01,161933.81433971543
890,160_155,2017-02-01,5179593.640000001
891,210_310,2019-02-01,-584876.9023838146
892,250_155,2018-08-01,7790141.63
893,240_155,2016-01-01,3775553.32
894,210_155,2016-08-01,5626725.62
895,160_155,2019-09-01,2371841.5300000003
896,210_155,2022-09-01,3668997.06
897,210_165,2016-07-01,335202.8036371499
898,240_155,2023-08-01,14881044.419999998
899,210_155,2019-08-01,6867357.890000001
900,200_155,2021-10-01,1841159.2600000002
901,250_165,2023-02-01,-26077.655298870814
902,260_155,2022-01-01,2171.5899999999997
903,210_165,2022-05-01,298447.7183871416
904,240_155,2017-02-01,4153796.7099999995
905,220_155,2018-08-01,6306854.3
906,210_310,2019-10-01,913700.416842346
907,170_155,2020-10-01,2883570.6000000006
908,210_165,2023-08-01,595162.8051340496
909,160_155,2020-10-01,3884262.8299999996
910,160_155,2022-04-01,2716010.2300000004
911,250_165,2020-10-01,50428.58751780681
912,210_310,2019-08-01,955721.8224889694
913,210_165,2016-08-01,1000974.4861366081
914,250_310,2016-05-01,304651.6602661141
915,240_155,2020-10-01,3800950.0700000003
916,220_310,2018-04-01,220146.1795050812
917,170_155,2018-01-01,3046730.1
918,220_155,2019-04-01,-127919.44000000002
919,210_310,2016-01-01,1149506.0292159666
920,250_310,2022-12-01,319284.2945205464
921,220_310,2022-04-01,-31060.472756410265
922,260_155,2021-12-01,9655.8
923,200_155,2016-05-01,3210147.13
924,210_155,2016-03-01,14309761.849999998
925,200_155,2021-07-01,2143054.4200000004
926,200_155,2022-10-01,1359967.69
927,160_155,2016-12-01,1618833.26
928,200_155,2017-11-01,1953840.1300000001
929,250_310,2019-10-01,1027427.3693408263
930,210_155,2021-10-01,1456649.6599999997
931,210_165,2023-09-01,322543.76853180554
932,250_310,2016-07-01,335205.15275736665
933,250_165,2019-03-01,110.1648036238018
934,170_155,2016-06-01,3836732.46
935,210_155,2021-01-01,5166002.17
936,160_155,2021-06-01,5564576.09
937,240_155,2023-05-01,12676724.6
938,250_155,2016-05-01,6569795.3100000005
939,260_155,2019-05-01,5423.299999999999
940,250_155,2023-02-01,2383992.34
941,220_310,2021-09-01,-4406.8169192921205
942,210_310,2022-04-01,1178495.409322115
943,240_155,2016-03-01,5293515.0200000005
944,170_155,2019-02-01,3493117.9299999997
945,240_155,2021-09-01,5270732.220000001
946,210_310,2020-06-01,1781939.65312804
947,250_310,2022-03-01,431654.9147737135
948,170_155,2017-08-01,2973947.2800000003
949,160_155,2017-09-01,3512832.7200000007
950,200_310,2023-09-01,411356.7142118098
951,220_310,2023-06-01,-1226.7559020372141
952,260_155,2020-03-01,1291.7599999999998
953,220_310,2021-10-01,526939.7914379799
954,200_155,2017-05-01,2467258.26
955,210_165,2019-06-01,-101332.1289521823
956,170_155,2016-11-01,2449593.76
957,250_310,2022-06-01,487800.4447206538
958,160_155,2023-02-01,1525791.2499999998
959,200_155,2019-12-01,4944662.33
960,240_155,2018-08-01,5033844.54
961,260_155,2022-06-01,4136.16
962,170_155,2017-12-01,3072097.6
963,170_155,2016-04-01,3527779.6599999997
964,210_155,2022-02-01,6785699.82
965,220_155,2023-05-01,1286710.9700000002
966,170_155,2019-09-01,3605808.25
967,250_155,2018-10-01,14773285.920000002
968,240_155,2016-10-01,4102859.1099999994
969,240_155,2019-11-01,4096456.729999999
970,240_155,2020-08-01,4030097.6599999997
971,240_155,2022-08-01,5740884.21
972,210_165,2022-02-01,156025.85886767152
973,220_310,2023-02-01,-3809.2797369994005
974,210_165,2017-06-01,323027.7500093527
975,220_310,2018-02-01,114818.22088874473
976,210_155,2019-04-01,13840909.290000001
977,240_155,2020-03-01,3172627.98
978,210_310,2022-12-01,1168321.151957579
979,200_310,2023-07-01,201365.89176541637
980,250_165,2020-11-01,100505.13060318341
981,250_310,2023-08-01,362432.4016524583
982,250_155,2016-06-01,8319906.2299999995
983,210_155,2018-04-01,10913615.799999999
984,160_155,2019-06-01,1008955.0299999999
985,220_155,2016-10-01,400983.17
986,160_155,2020-09-01,1590849.65
987,170_155,2020-08-01,1709943.6
988,200_310,2019-05-01,325315.71046373376
989,210_310,2018-09-01,193718.82677324952
990,170_155,2023-09-01,3346040.2
991,210_155,2023-06-01,2741890.2399999998
992,200_310,2016-04-01,27159.842641160136
993,240_155,2016-08-01,4342977.07
994,160_155,2017-05-01,2119525.2199999997
995,210_155,2022-12-01,321313.77999999974
996,250_310,2021-07-01,476545.20229336206
997,250_165,2022-07-01,29452.663716374056
998,200_155,2017-12-01,4614243.090000001
999,250_155,2019-03-01,4309187.73
1000,170_155,2016-05-01,2538105.0700000003
1001,220_155,2019-06-01,-96428.0
1002,220_310,2022-01-01,-2184.4034536891686
1003,250_155,2018-06-01,8029409.430000001
1004,220_155,2023-06-01,98452.84999999995
1005,250_155,2022-06-01,5694082.470000002
1006,210_165,2016-01-01,384844.2278075691
1007,210_165,2018-03-01,297176.3837148837
1008,160_155,2018-06-01,2277555.29
1009,200_155,2021-09-01,3904088.62
1010,210_155,2020-10-01,7374492.219999999
1011,210_165,2021-02-01,90160.19819776024
1012,260_155,2019-06-01,5357.53
1013,210_155,2022-07-01,1231398.1999999997
1014,210_155,2020-11-01,6572255.87
1015,210_155,2020-03-01,6303919.93
1016,250_310,2023-01-01,182222.0793261482
1017,210_155,2016-09-01,10283086.45
1018,250_155,2018-04-01,3067919.43
1019,220_310,2019-05-01,25413.087098692045
1020,210_310,2022-09-01,3873232.518071339
1021,210_310,2022-11-01,-145039.25782941192
1022,210_310,2020-02-01,994953.979165655
1023,210_310,2021-07-01,3255967.922971534
1024,250_310,2022-09-01,305159.7471585705
1025,250_155,2017-05-01,6649871.82
1026,200_310,2018-12-01,708775.965665236
1027,200_155,2017-03-01,2004152.1800000002
1028,160_155,2019-10-01,1449057.7599999998
1029,210_310,2023-06-01,1310083.4522321098
1030,250_310,2016-01-01,252036.3407076458
1031,200_310,2022-01-01,317539.7802197803
1032,170_155,2022-07-01,2639258.71
1033,250_165,2021-01-01,-5414.364504776253
1034,200_155,2018-10-01,1644360.17
1035,160_155,2018-12-01,6203890.19
1036,240_155,2017-01-01,4835069.39
1037,220_155,2016-06-01,-112004.36000000002
1038,170_155,2016-02-01,4135754.81
1039,250_155,2020-02-01,4788681.57
1040,240_155,2020-02-01,3725242.98
1041,210_155,2023-01-01,4061428.5300000007
1042,210_310,2017-12-01,2378796.774395556
1043,200_155,2018-07-01,1500893.0699999998
1044,260_155,2022-08-01,3398.9300000000007
1045,200_310,2017-12-01,65733.9656378761
1046,250_310,2019-12-01,263.64055593179773
1047,160_155,2021-12-01,3475233.3100000005
1048,200_310,2019-04-01,271039.71073141485
1049,210_310,2016-12-01,3659366.7917346633
1050,210_165,2021-01-01,103960.95656108513
1051,220_310,2022-02-01,29231.956743201958
1052,200_310,2022-12-01,221944.75622330254
1053,260_155,2021-06-01,2261.6900000000005
1054,210_165,2021-10-01,408248.4618013214
1055,210_310,2019-04-01,1250241.7815520098
1056,250_155,2017-10-01,13965788.64
1057,170_155,2016-10-01,3622618.37
1058,250_165,2021-11-01,37482.06814310036
1059,250_310,2017-10-01,997840.7914229637
1060,200_310,2017-11-01,42728.44201483797
1061,220_310,2019-11-01,-9334.060504712683
1062,240_155,2017-08-01,3916427.65
1063,200_310,2021-09-01,672520.1491945083
1064,170_155,2022-09-01,2512948.71
1065,260_155,2022-03-01,3212.5099999999998
1066,210_310,2021-06-01,3741162.581534639
1067,240_155,2018-05-01,5667405.46
1068,240_155,2017-06-01,5756533.29
1069,210_310,2016-08-01,3376684.9660300883
1070,200_310,2021-02-01,391050.58307897026
1071,240_155,2023-01-01,4129765.07
1072,250_155,2021-04-01,9341502.95
1073,250_310,2021-01-01,497090.46076737467
1074,220_155,2021-05-01,535794.34
1075,200_155,2019-02-01,2116634.1599999997
1076,210_165,2017-02-01,342257.45765973756
1077,250_155,2021-06-01,7391166.090000001
1078,210_155,2018-11-01,11928914.96
1079,200_155,2023-07-01,1897662.8900000004
1080,200_310,2016-02-01,46143.840813112896
1081,210_165,2019-01-01,-293150.0147066288
1082,250_310,2018-07-01,269033.871364063
1083,170_155,2023-01-01,3897568.19
1084,170_155,2022-02-01,5322633.459999999
1085,240_155,2023-09-01,8193528.999999999
1086,210_310,2022-06-01,1862912.0426708818
1087,210_155,2017-12-01,6770589.779999999
1088,240_155,2018-02-01,6464611.110000001
1089,160_155,2018-09-01,3059898.27
1090,250_310,2017-04-01,289238.80900982325
1091,210_310,2022-05-01,412623.3409380843
1092,220_310,2018-05-01,-21323.37439575862
1093,250_310,2021-04-01,299952.36182048783
1094,210_310,2023-07-01,107516.85780058842
1095,160_155,2020-07-01,2810435.58
1096,200_155,2017-08-01,2831195.03
1097,210_165,2017-10-01,200530.0493150678
1098,200_310,2018-02-01,51864.9935128122
1099,200_155,2021-06-01,2257787.07
1100,250_155,2021-05-01,10640466.380000003
1101,210_310,2019-06-01,4589849.273865018
1102,220_155,2018-03-01,1119899.6099999999
1103,250_155,2022-12-01,8211309.32
1104,250_155,2021-12-01,5335129.600000001
1105,200_310,2023-08-01,174390.90771900694
1106,170_155,2020-04-01,2530878.0300000003
1107,200_310,2019-12-01,853304.7156308856
1108,250_155,2016-01-01,3738317.3999999994
1109,210_155,2022-06-01,428054.3399999998
1110,260_155,2020-05-01,4302.549999999999
1111,220_155,2017-07-01,-213444.68
1112,250_165,2022-11-01,620.6630951177648
1113,210_165,2022-09-01,45089.364358401384
1114,250_310,2017-09-01,243177.94879705433
1115,200_310,2019-08-01,235563.15989654642
1116,250_165,2023-04-01,71894.3372427524
1117,250_310,2018-05-01,488426.17059489386
1118,210_155,2021-12-01,6425749.77
1119,200_310,2023-01-01,182779.60735109603
1120,240_155,2021-12-01,5517683.340000002
1121,250_310,2022-07-01,233365.34716779337
1122,160_155,2022-02-01,3381362.1799999992
1123,200_155,2022-07-01,2497213.4000000004
1124,200_310,2022-10-01,110217.05052277543
1125,250_165,2022-09-01,16702.2015388433
1126,210_165,2020-09-01,792028.8401686312
1127,250_310,2020-11-01,529171.7997086347
1128,200_155,2018-02-01,1809524.6399999997
1129,210_155,2017-02-01,4319283.82
1130,170_155,2019-05-01,3896907.25
1131,240_155,2020-11-01,4288054.0200000005
1132,160_155,2023-05-01,2353503.75
1133,170_155,2020-11-01,1822321.08
1134,250_165,2020-08-01,25018.602981276144
1135,200_155,2018-04-01,1868773.9200000002
1136,200_310,2019-02-01,182601.23222027844
1137,200_310,2016-11-01,41110.73374636111
1138,250_310,2016-10-01,726230.8244425803
1139,250_310,2020-01-01,243485.63849279538
1140,210_165,2020-03-01,486534.90071898256
1141,240_155,2017-10-01,4342549.03
1142,170_155,2017-02-01,3226127.0
1143,260_155,2021-10-01,4992.089999999999
1144,220_155,2022-01-01,5617364.219999999
1145,220_310,2016-07-01,-24161.752649083453
1146,260_155,2019-11-01,4547.780000000001
1148,220_155,2021-02-01,1007308.38
1149,260_155,2023-04-01,3216.7199999999993
1150,220_155,2020-01-01,530212.09
1151,160_155,2020-03-01,1311327.66
1152,240_155,2016-07-01,3927449.4100000006
1153,210_155,2016-07-01,6283148.8
1154,170_155,2017-09-01,3218460.49
1155,210_155,2022-03-01,9609902.12
1156,260_155,2020-11-01,9676.770000000002
1157,160_155,2021-05-01,2315630.25
1158,240_155,2019-07-01,5031632.43
1159,200_310,2016-12-01,77016.69148302563
1160,210_310,2018-01-01,1318011.3110725929
1161,160_155,2016-01-01,1076855.07
1162,250_310,2016-06-01,329344.04614087485
1163,200_155,2022-09-01,3745685.6800000006
1164,250_155,2020-03-01,3040734.3699999996
1165,250_310,2022-10-01,2041909.2890831325
1166,210_155,2021-07-01,4253964.37
1167,210_310,2023-04-01,1184231.2908076919
1168,200_155,2019-06-01,1856416.8699999999
1169,160_155,2018-03-01,827656.62
1170,200_155,2020-01-01,1729231.2300000002
1171,220_310,2021-05-01,-21494.804137144725
1172,200_155,2021-02-01,2566675.79
1173,250_165,2023-06-01,85823.00459105549
1174,210_155,2016-04-01,14963514.52
1175,200_310,2019-07-01,273378.5255920551
1176,220_155,2023-09-01,381018.1600000001
1177,160_155,2021-09-01,1944002.8800000001
1178,200_155,2018-01-01,2155970.04
1179,200_310,2020-08-01,344603.6581731485
1180,240_155,2022-09-01,4538964.37
1181,220_310,2023-05-01,76550.80442804428
1182,250_310,2021-06-01,546067.2850215319
1183,160_155,2016-09-01,1841877.0100000002
1184,160_155,2019-11-01,2528551.81
1185,220_155,2017-03-01,4531697.12
1186,200_155,2021-05-01,3331794.03
1187,170_155,2023-02-01,6929949.290000001
1188,220_155,2017-06-01,-116744.57000000004
1189,250_165,2023-03-01,4612.897547683966
1190,260_155,2022-07-01,2196.66
1191,250_165,2020-07-01,20856.6386955486
1192,210_310,2022-02-01,134713.64263458995
1193,250_310,2018-04-01,368366.0514537141
1194,220_155,2018-01-01,2565830.1400000006
1195,220_310,2021-04-01,290432.3650466994
1196,220_310,2021-03-01,230123.32208179607
1197,260_155,2022-10-01,2673.5200000000004
1198,200_155,2016-09-01,2185207.96
1199,220_310,2018-07-01,67736.11576542271
1200,210_155,2021-05-01,4543746.869999999
1201,220_155,2019-02-01,69557.88
1202,250_310,2019-04-01,263662.9645518518
1203,170_155,2021-08-01,6344553.930000002
1204,200_310,2023-05-01,296710.88560885616
1205,210_165,2023-03-01,1264241.3405994668
1206,210_155,2019-05-01,46796.190000000104
1207,250_155,2019-10-01,9943877.57
1208,160_155,2017-07-01,2957970.52
1209,240_155,2021-02-01,4137645.85
1210,200_155,2021-11-01,3826672.51
1211,240_155,2021-01-01,3407367.35
1212,210_165,2016-05-01,342562.6872451945
1213,220_155,2018-04-01,451275.49000000005
1214,160_155,2017-04-01,4171031.81
1215,210_310,2022-01-01,27985.246370486206
1216,220_155,2022-10-01,1413072.04
1217,250_155,2017-02-01,3459784.66
1218,210_165,2018-08-01,567787.9663933504
1219,170_155,2017-06-01,4449689.39
1220,220_310,2019-08-01,624935.1970181044
1221,240_155,2021-11-01,4354804.72
1222,200_155,2022-04-01,2394403.39
1223,220_310,2017-08-01,513927.96814671793
1224,210_310,2017-09-01,1835042.108358032
1225,200_310,2021-04-01,624154.6620231122
1226,210_165,2021-12-01,647011.7806411117
1227,200_310,2017-03-01,45400.007587253436
1228,210_165,2018-12-01,999200.30004944
1229,220_310,2019-06-01,-29796.592087716705
1231,200_155,2016-10-01,1232046.53
1232,240_155,2019-09-01,5002270.48
1233,250_310,2018-01-01,288606.7515735033
1234,200_155,2020-02-01,1557584.48
1235,210_310,2023-05-01,2030026.428044281
1236,220_155,2022-11-01,1070085.6199999999
1237,240_155,2018-07-01,5172616.16
1238,210_165,2018-11-01,1369457.6976484307
1239,260_155,2020-08-01,5089.639999999999
1240,220_310,2022-11-01,4949.014705882357
